{"0.1": {"AvgWinRatio": 1.0, "AvgDistFoes": 25.654999999999994, "AvgHeroStats": 212.5, "AvgFoeStats": 212.0}, "0.2": {"AvgWinRatio": 0.9, "AvgDistFoes": 26.385, "AvgHeroStats": 203.88, "AvgFoeStats": 215.11}, "0.3": {"AvgWinRatio": 0.7, "AvgDistFoes": 45.79313725490196, "AvgHeroStats": 191.166667, "AvgFoeStats": 223.05134135}, "0.4": {"AvgWinRatio": 0.6, "AvgDistFoes": 28.908823529411762, "AvgHeroStats": 185.67123497123, "AvgFoeStats": 229.1394842}, "0.5": {"AvgWinRatio": 0.48, "AvgDistFoes": 58.723958333333336, "AvgHeroStats": 176.45631, "AvgFoeStats": 230.5671}, "0.6": {"AvgWinRatio": 0.4, "AvgDistFoes": 49.0078014184397, "AvgHeroStats": 164.5213672, "AvgFoeStats": 236.415314}, "0.7": {"AvgWinRatio": 0.33333333, "AvgDistFoes": 9.830158730158734, "AvgHeroStats": 152.7614712, "AvgFoeStats": 238.413516}, "0.8": {"AvgWinRatio": 0.25, "AvgDistFoes": 61.68617886178864, "AvgHeroStats": 149.99634146341464, "AvgFoeStats": 239.8895531}, "0.9": {"AvgWinRatio": 0.15, "AvgDistFoes": 19.32543859649124, "AvgHeroStats": 146.3241235, "AvgFoeStats": 245.251241}, "1.0": {"AvgWinRatio": 0.055, "AvgDistFoes": 59.599555555555554, "AvgHeroStats": 144.17, "AvgFoeStats": 250.37}}