{"0.1": {"AvgWinRatio": 1.0, "AvgDistFoes": 25.654999999999994, "AvgHeroStats": 213.15, "AvgFoeStats": 213.0}, "0.2": {"AvgWinRatio": 0.75, "AvgDistFoes": 26.385, "AvgHeroStats": 200.95, "AvgFoeStats": 216.6}, "0.3": {"AvgWinRatio": 0.625, "AvgDistFoes": 45.79313725490196, "AvgHeroStats": 190.2941176470588, "AvgFoeStats": 217.76470588235293}, "0.4": {"AvgWinRatio": 0.55, "AvgDistFoes": 28.908823529411762, "AvgHeroStats": 182.38235294117646, "AvgFoeStats": 223.41176470588235}, "0.5": {"AvgWinRatio": 0.45, "AvgDistFoes": 58.723958333333336, "AvgHeroStats": 173.84375, "AvgFoeStats": 227.25}, "0.6": {"AvgWinRatio": 0.38333333333, "AvgDistFoes": 49.0078014184397, "AvgHeroStats": 163.48936170212767, "AvgFoeStats": 231.3404255319149}, "0.7": {"AvgWinRatio": 0.33333333, "AvgDistFoes": 9.830158730158734, "AvgHeroStats": 155.8095238095238, "AvgFoeStats": 233.71428571428572}, "0.8": {"AvgWinRatio": 0.3, "AvgDistFoes": 61.68617886178864, "AvgHeroStats": 151.14634146341464, "AvgFoeStats": 237.9512195121951}, "0.9": {"AvgWinRatio": 0.25, "AvgDistFoes": 19.32543859649124, "AvgHeroStats": 147.21052631578948, "AvgFoeStats": 242.1578947368421}, "1.0": {"AvgWinRatio": 0.075, "AvgDistFoes": 59.599555555555554, "AvgHeroStats": 145.28, "AvgFoeStats": 244.28}}